{
  "C": 0.00675620313218975,
  "H": 0.013978351307978793,
  "O": 0.020556790405561673,
  "N": 0.041113580811123346
}