{
  "CO2": {
    "elements": {
      "C": 1,
      "O": 2
    },
    "thermo": {
      "T_low": 200.0,
      "T_mid": 1000.0,
      "T_high": 3500.0,
      "coeffs_low": [
        2.35677352,
        0.00898459677,
        -7.12356269e-06,
        2.45919022e-09,
        -1.43699548e-13,
        -48371.9697,
        9.90105222
      ],
      "coeffs_high": [
        3.85746029,
        0.00441437026,
        -2.21481404e-06,
        5.23490188e-10,
        -4.72084164e-14,
        -48759.166,
        2.27163806
      ]
    }
  },
  "H2O": {
    "elements": {
      "H": 2,
      "O": 1
    },
    "thermo": {
      "T_low": 200.0,
      "T_mid": 1000.0,
      "T_high": 3500.0,
      "coeffs_low": [
        4.19864056,
        -0.0020364341,
        6.52040211e-06,
        -5.48797062e-09,
        1.77197817e-12,
        -30293.7267,
        -0.849032208
      ],
      "coeffs_high": [
        3.03399249,
        0.00217691804,
        -1.64072518e-07,
        -9.7041987e-11,
        1.68200992e-14,
        -30004.2971,
        4.9667701
      ]
    }
  },
  "CO": {
    "elements": {
      "C": 1,
      "O": 1
    },
    "thermo": {
      "T_low": 200.0,
      "T_mid": 1000.0,
      "T_high": 3500.0,
      "coeffs_low": [
        3.57953347,
        -0.00061035368,
        1.01681433e-06,
        9.07005884e-10,
        -9.04424499e-13,
        -14344.086,
        3.50840928
      ],
      "coeffs_high": [
        2.71518561,
        0.00206252743,
        -9.98825771e-07,
        2.30053008e-10,
        -2.03647716e-14,
        -14151.8724,
        7.81868772
      ]
    }
  },
  "H2": {
    "elements": {
      "H": 2
    },
    "thermo": {
      "T_low": 200.0,
      "T_mid": 1000.0,
      "T_high": 3500.0,
      "coeffs_low": [
        2.34433112,
        0.00798052075,
        -1.9478151e-05,
        2.01572094e-08,
        -7.37611761e-12,
        -917.935173,
        0.683010238
      ],
      "coeffs_high": [
        3.3372792,
        -4.94024731e-05,
        4.99456778e-07,
        -1.79566394e-10,
        2.00255376e-14,
        -950.158922,
        -3.20502331
      ]
    }
  },
  "O2": {
    "elements": {
      "O": 2
    },
    "thermo": {
      "T_low": 200.0,
      "T_mid": 1000.0,
      "T_high": 3500.0,
      "coeffs_low": [
        3.78245636,
        -0.00299673416,
        9.84730201e-06,
        -9.68129509e-09,
        3.24372837e-12,
        -1063.94356,
        3.65767573
      ],
      "coeffs_high": [
        3.28253784,
        0.00148308754,
        -7.57966669e-07,
        2.09470555e-10,
        -2.16717794e-14,
        -1088.45772,
        5.45323129
      ]
    }
  },
  "N2": {
    "elements": {
      "N": 2
    },
    "thermo": {
      "T_low": 300.0,
      "T_mid": 1000.0,
      "T_high": 5000.0,
      "coeffs_low": [
        3.298677,
        0.0014082404,
        -3.963222e-06,
        5.641515e-09,
        -2.444854e-12,
        -1020.8999,
        3.950372
      ],
      "coeffs_high": [
        2.92664,
        0.0014879768,
        -5.68476e-07,
        1.0097038e-10,
        -6.753351e-15,
        -922.7977,
        5.980528
      ]
    }
  },
  "OH": {
    "elements": {
      "O": 1,
      "H": 1
    },
    "thermo": {
      "T_low": 200.0,
      "T_mid": 1000.0,
      "T_high": 3500.0,
      "coeffs_low": [
        3.99201543,
        -0.00240131752,
        4.61793841e-06,
        -3.88113333e-09,
        1.3641147e-12,
        3615.08056,
        -0.103925458
      ],
      "coeffs_high": [
        3.09288767,
        0.000548429716,
        1.26505228e-07,
        -8.79461556e-11,
        1.17412376e-14,
        3858.657,
        4.4766961
      ]
    }
  },
  "O": {
    "elements": {
      "O": 1
    },
    "thermo": {
      "T_low": 200.0,
      "T_mid": 1000.0,
      "T_high": 3500.0,
      "coeffs_low": [
        3.1682671,
        -0.00327931884,
        6.64306396e-06,
        -6.12806624e-09,
        2.11265971e-12,
        29122.2592,
        2.05193346
      ],
      "coeffs_high": [
        2.56942078,
        -8.59741137e-05,
        4.19484589e-08,
        -1.00177799e-11,
        1.22833691e-15,
        29217.5791,
        4.78433864
      ]
    }
  },
  "NO": {
    "elements": {
      "N": 1,
      "O": 1
    },
    "thermo": {
      "T_low": 200.0,
      "T_mid": 1000.0,
      "T_high": 6000.0,
      "coeffs_low": [
        4.2184763,
        -0.004638976,
        1.1041022e-05,
        -9.3361354e-09,
        2.803577e-12,
        9844.623,
        2.2808464
      ],
      "coeffs_high": [
        3.2606056,
        0.0011911043,
        -4.2917048e-07,
        6.9457669e-11,
        -4.0336099e-15,
        9920.9746,
        6.3693027
      ]
    }
  },
  "H": {
    "elements": {
      "H": 1
    },
    "thermo": {
      "T_low": 200.0,
      "T_mid": 1000.0,
      "T_high": 3500.0,
      "coeffs_low": [
        2.5,
        7.05332819e-13,
        -1.99591964e-15,
        2.30081632e-18,
        -9.27732332e-22,
        25473.6599,
        -0.446682853
      ],
      "coeffs_high": [
        2.50000001,
        -2.30842973e-11,
        1.61561948e-14,
        -4.73515235e-18,
        4.98197357e-22,
        25473.6599,
        -0.446682914
      ]
    }
  }
}